{"tpr": [0.0, 0.0, 0.1, 0.1, 0.4, 0.4, 0.5, 0.5, 0.8, 0.8, 0.9, 0.9, 1.0, 1.0, 1.0, 1.0, 1.0, 1.0, 1.0, 1.0, 1.0, 1.0, 1.0, 1.0, 1.0, 1.0, 1.0, 1.0, 1.0, 1.0, 1.0, 1.0], "fpr": [0.0, 0.0017211703958691911, 0.0017211703958691911, 0.0034423407917383822, 0.0034423407917383822, 0.0068846815834767644, 0.0068846815834767644, 0.008605851979345954, 0.008605851979345954, 0.013769363166953529, 0.013769363166953529, 0.11359724612736662, 0.11359724612736662, 0.22030981067125646, 0.22375215146299485, 0.4354561101549053, 0.4388984509466437, 0.46471600688468157, 0.46815834767641995, 0.6247848537005164, 0.6299483648881239, 0.6333907056798623, 0.6368330464716007, 0.6419965576592083, 0.6454388984509466, 0.8898450946643718, 0.8950086058519794, 0.9053356282271945, 0.9087779690189329, 0.9724612736660929, 0.9759036144578314, 1.0], "ths": [2.444449543952942, 1.444449543952942, 1.3472998142242432, 0.7600117921829224, 0.08535799384117126, 0.05322384461760521, 0.04671284556388855, 0.028043709695339203, 0.01617976278066635, 0.005648340098559856, 0.005548121873289347, 1.9679720935528167e-05, 1.9664514184114523e-05, 2.556613480919623e-06, 2.459299821566674e-06, 6.921437147866527e-07, 6.903190978846396e-07, 6.296500600910804e-07, 6.225035917850619e-07, 4.08869624379804e-07, 4.085655120888987e-07, 4.055244460232643e-07, 4.020272399429814e-07, 3.9822592157179315e-07, 3.938164070405037e-07, 2.125696312305081e-07, 2.110490981976909e-07, 1.9538767048743466e-07, 1.941712497455228e-07, 1.3213376348630845e-07, 1.3167760926080518e-07, 7.58742828566028e-08], "auc": 0.982788296041308}